tema,url_meneame,id_noticia_meneame,id_comentario,numero_comentario,responde_a_numero,usuario,fecha_comentario_utc,votos,karma,texto
lgtbi,https://www.meneame.net/story/rechazo-relacion-homosexual-dos-chicas-origino-tiroteo,3857497,39329482,104,46.0,Tribuno,2023-09-23T12:37:23+00:00,1,17,#46 Esto es Romeo y Julieta en toda regla.
lgtbi,https://www.meneame.net/story/rechazo-relacion-homosexual-dos-chicas-origino-tiroteo,3857497,39322886,103,74.0,--350694--,2023-09-22T10:42:35+00:00,0,11,#74 ya salió el payo del opus.
lgtbi,https://www.meneame.net/story/rechazo-relacion-homosexual-dos-chicas-origino-tiroteo,3857497,39322318,102,85.0,--712564--,2023-09-22T09:27:45+00:00,0,7,#85 Seguramente menos de lo que costaría que estuviera bien y siguiera protagonizando tiroteos.
lgtbi,https://www.meneame.net/story/rechazo-relacion-homosexual-dos-chicas-origino-tiroteo,3857497,39322303,101,4.0,--712564--,2023-09-22T09:25:59+00:00,0,7,#4  #41 Yo intento ser ordenado para que no pasen esas cosas.
lgtbi,https://www.meneame.net/story/rechazo-relacion-homosexual-dos-chicas-origino-tiroteo,3857497,39322290,100,2.0,--712564--,2023-09-22T09:24:37+00:00,0,7,#2 el LoL...
lgtbi,https://www.meneame.net/story/rechazo-relacion-homosexual-dos-chicas-origino-tiroteo,3857497,39321699,99,97.0,sireliot,2023-09-22T08:17:59+00:00,0,7,"#97 Dios mío, está claro que tengo la cabeza de adorno {palm} Gracias!"
lgtbi,https://www.meneame.net/story/rechazo-relacion-homosexual-dos-chicas-origino-tiroteo,3857497,39321570,98,1.0,SmithW6079,2023-09-22T08:00:02+00:00,0,6,#1 No deja de sorprenderme lo bien armados y el gatillo facil que tienen los canales infantiles.
lgtbi,https://www.meneame.net/story/rechazo-relacion-homosexual-dos-chicas-origino-tiroteo,3857497,39321182,97,94.0,warheart,2023-09-22T07:03:45+00:00,0,6,"#94 ""caló"" no soy, y ""calé"" es un idioma. al revés, que te lo has puesto tú mismo! {lol}"
lgtbi,https://www.meneame.net/story/rechazo-relacion-homosexual-dos-chicas-origino-tiroteo,3857497,39321116,96,2.0,Zade,2023-09-22T06:51:42+00:00,0,10,#2 a mi me llaman el clandestino
lgtbi,https://www.meneame.net/story/rechazo-relacion-homosexual-dos-chicas-origino-tiroteo,3857497,39321061,95,81.0,--565166--,2023-09-22T06:43:22+00:00,0,6,#81 la solución final {troll}
lgtbi,https://www.meneame.net/story/rechazo-relacion-homosexual-dos-chicas-origino-tiroteo,3857497,39320937,94,93.0,sireliot,2023-09-22T06:20:58+00:00,0,7,"#93 Venga, me has animado y he buscado el resto. caló
Del caló caló 'negro'.

1. adj. Perteneciente o relativo al caló. Léxico caló.

2. m. Variedad del romaní que hablan los gitanos de España, Francia y Portugal.

calé
Del caló caló 'negro'.

1. adj. gitano (‖ de un pueblo originario de la India). U. t. c. s.

2. adj. gitano (‖ propio de los gitanos).

3. m. Moneda de cobre que valía cuatro maravedís.

4. m. Col. y Ec. Moneda antigua de cuarto de real. Así que ""payo"" soy yo, ""caló"" no soy, y ""calé"" es un idioma."
lgtbi,https://www.meneame.net/story/rechazo-relacion-homosexual-dos-chicas-origino-tiroteo,3857497,39320759,93,77.0,warheart,2023-09-22T05:54:18+00:00,1,13,"#77 payo, ya
Del n. p. Payo 'Pelayo'.

(...)

3. adj. Entre gitanos, que no pertenece al pueblo gitano. Apl. a pers., u. t. c. s."
lgtbi,https://www.meneame.net/story/rechazo-relacion-homosexual-dos-chicas-origino-tiroteo,3857497,39320713,92,84.0,Deathmosfear,2023-09-22T05:41:44+00:00,1,13,#84 Los que tienen armas también suelen traficar con drogas. Las armas las sacan del mismo sitio que las drogas.
lgtbi,https://www.meneame.net/story/rechazo-relacion-homosexual-dos-chicas-origino-tiroteo,3857497,39320652,91,,Janssen,2023-09-22T05:24:40+00:00,0,12,Ah caramba! hay mucho cowboy por allí.
lgtbi,https://www.meneame.net/story/rechazo-relacion-homosexual-dos-chicas-origino-tiroteo,3857497,39320624,90,,--745727--,2023-09-22T05:20:15+00:00,0,5,Strickerta!!!
lgtbi,https://www.meneame.net/story/rechazo-relacion-homosexual-dos-chicas-origino-tiroteo,3857497,39319899,89,,Nyarlathotep,2023-09-21T22:02:56+00:00,0,7,"El trabajo físico y la disciplina pueden usarse, y se han usado históricamente, como herramienta para ayudar a reeducar a individuos o grupos que no acaban de encajar con la sociedad en la que viven."
lgtbi,https://www.meneame.net/story/rechazo-relacion-homosexual-dos-chicas-origino-tiroteo,3857497,39319605,88,9.0,IVAJ,2023-09-21T21:04:28+00:00,1,13,"#9 y de la oficina del secretariado gitano

A ver qué podemos hacer los payos para arreglar esto y que no llegue la sangre al río y se calmen"
lgtbi,https://www.meneame.net/story/rechazo-relacion-homosexual-dos-chicas-origino-tiroteo,3857497,39319591,87,3.0,illuminatis,2023-09-21T21:03:09+00:00,0,7,#3 joder con los gitanos como la lían eh jajaja
lgtbi,https://www.meneame.net/story/rechazo-relacion-homosexual-dos-chicas-origino-tiroteo,3857497,39319558,86,,Yolco,2023-09-21T20:55:37+00:00,0,6,El lejano Oeste... al Sur de Cáceres
lgtbi,https://www.meneame.net/story/rechazo-relacion-homosexual-dos-chicas-origino-tiroteo,3857497,39319498,85,3.0,antoniosoyo,2023-09-21T20:45:04+00:00,1,9,#3 Y en el último párrafo indica que hay un conocido delincuente herido en un tiroteo en el 2022 que está en coma. ¿ Cuánto nos costará en impuestos mantener a ese delincuente?.
lgtbi,https://www.meneame.net/story/rechazo-relacion-homosexual-dos-chicas-origino-tiroteo,3857497,39319489,84,1.0,sotillo,2023-09-21T20:44:08+00:00,2,23,#1 Yo me pregunto ¿ Cuantas armas tienen y de donde sacan tanta munición?
lgtbi,https://www.meneame.net/story/rechazo-relacion-homosexual-dos-chicas-origino-tiroteo,3857497,39319448,83,,Aas59,2023-09-21T20:36:04+00:00,1,17,"Y de de donde sacan las armas estos tipejos?
Veo que los tienen controlados.!!!!"
lgtbi,https://www.meneame.net/story/rechazo-relacion-homosexual-dos-chicas-origino-tiroteo,3857497,39319444,82,80.0,Suigetsu,2023-09-21T20:35:41+00:00,0,11,"#80 Pues si, porque tampoco han hecho nunca una mierda para integrar estas minorías, y encima tendríamos como extra su ranciedad y facherío"
lgtbi,https://www.meneame.net/story/rechazo-relacion-homosexual-dos-chicas-origino-tiroteo,3857497,39319382,81,3.0,Razorworks,2023-09-21T20:25:33+00:00,7,50,"#3 Yo no me reservo mi opinión, yo la daré, y si me quieren meter un strike, que lo hagan: ¿por qué no debemos de decir que es un problema que haya una cantidad considerable de gitanos (no todos, por supuesto, y afortunadamente) que les gusta resolver sus ""cosillas"" a su manera, es decir, empleando la violencia? ¿decir la verdad es un problema de discriminación racial o algo? ¿no será, más bien, un problema de discriminación racial tratar de ocultar estas problemáticas costumbres (porque si, no tengo ni tenemos por qué aceptar la violencia como costumbre válida) en lugar de tomar algunas medidas, tales como mejorar su educación, darles mejores medios de vida, e incluso, por qué no decirlo, hacer y fomentar que aquellas familias gitanas de bien que quieran tener un modo de vida normal aíslen a aquellas que no quieren tenerlo?

La solución pasa, si o si, por hacer que ellos se adapten a nuestro modo de vida, no por que nosotros ""respetemos"" el suyo, con sus cosas malas (que no son pequeños defectivos sin importancia, precisamente)."
lgtbi,https://www.meneame.net/story/rechazo-relacion-homosexual-dos-chicas-origino-tiroteo,3857497,39319371,80,53.0,guillersk,2023-09-21T20:23:31+00:00,1,0,#53 pero al menos no gobierna la ultraderecha {troll}
lgtbi,https://www.meneame.net/story/rechazo-relacion-homosexual-dos-chicas-origino-tiroteo,3857497,39319332,79,,--155419--,2023-09-21T20:15:47+00:00,0,8,Warsevilla.
lgtbi,https://www.meneame.net/story/rechazo-relacion-homosexual-dos-chicas-origino-tiroteo,3857497,39319285,78,1.0,estofacil,2023-09-21T20:07:58+00:00,0,7,"#1 del clan brasileño, origen del atacante."
lgtbi,https://www.meneame.net/story/rechazo-relacion-homosexual-dos-chicas-origino-tiroteo,3857497,39319270,77,27.0,sireliot,2023-09-21T20:05:25+00:00,0,7,"#27 Nunca recuerdo cuáles son los payos y cuáles los calés. O los calós? Caloes? Un caló, dos calés?

En cualquier caso, eso, que nunca recuerdo cuál es cuál."
lgtbi,https://www.meneame.net/story/rechazo-relacion-homosexual-dos-chicas-origino-tiroteo,3857497,39319096,76,68.0,Nylo,2023-09-21T19:34:28+00:00,2,27,"#68 debo reconocer que todas y cada una de las veces que me he sentido homófobo (*) , he salido a la calle a pegar tiros. Es más, todas las veces que he salido a pegar tiros (**) , ha sido por homofobia. (*) ninguna
(**) ninguna"
lgtbi,https://www.meneame.net/story/rechazo-relacion-homosexual-dos-chicas-origino-tiroteo,3857497,39319066,75,1.0,Hemin,2023-09-21T19:29:57+00:00,0,6,#1 el clan McClaud y solo puede quedar uno
lgtbi,https://www.meneame.net/story/rechazo-relacion-homosexual-dos-chicas-origino-tiroteo,3857497,39319054,74,46.0,Gavela,2023-09-21T19:28:59+00:00,2,28,"#46 encantadas... o las envían a campamentos del opus para ""arreglarlas""."
lgtbi,https://www.meneame.net/story/rechazo-relacion-homosexual-dos-chicas-origino-tiroteo,3857497,39318955,73,3.0,Joice,2023-09-21T19:10:59+00:00,3,30,#3 Son unos putos salvajes. Punto.
lgtbi,https://www.meneame.net/story/rechazo-relacion-homosexual-dos-chicas-origino-tiroteo,3857497,39318954,72,,fpove,2023-09-21T19:10:44+00:00,1,15,"Solo llevan 300 años para ser civilizados, es que no les teneis paciencia."
lgtbi,https://www.meneame.net/story/rechazo-relacion-homosexual-dos-chicas-origino-tiroteo,3857497,39318917,71,,SlayerNina,2023-09-21T19:04:17+00:00,1,19,Lo único positivo es que las mujeres de los clanes parecen estar mandando a tomar viento esa mierda de cultura
lgtbi,https://www.meneame.net/story/rechazo-relacion-homosexual-dos-chicas-origino-tiroteo,3857497,39318899,70,5.0,Bottle,2023-09-21T19:00:40+00:00,0,10,#5  Se te ha olvidado Montoyas y Tarantos.
lgtbi,https://www.meneame.net/story/rechazo-relacion-homosexual-dos-chicas-origino-tiroteo,3857497,39318831,69,2.0,EmuAGR,2023-09-21T18:51:22+00:00,0,11,#2 Clantinflas {troll}
lgtbi,https://www.meneame.net/story/rechazo-relacion-homosexual-dos-chicas-origino-tiroteo,3857497,39318830,68,1.0,chinchulin,2023-09-21T18:51:19+00:00,3,22,"#1 Podría haber sido cualquiera, no necesariamente un clan. Acaso tú no has salido a la calle alguna vez a pegar tiros sin mirar a quien cuando te sientes un poco homófobo? {roll}"
lgtbi,https://www.meneame.net/story/rechazo-relacion-homosexual-dos-chicas-origino-tiroteo,3857497,39318808,67,60.0,sonix,2023-09-21T18:48:11+00:00,0,6,#60 con el primero que lo ha dicho
lgtbi,https://www.meneame.net/story/rechazo-relacion-homosexual-dos-chicas-origino-tiroteo,3857497,39318794,66,,--755689--,2023-09-21T18:45:50+00:00,0,8,Si bueno. Supongo que es lo que haría cualquier persona normal. La culpa siempre la tienen los demás...
lgtbi,https://www.meneame.net/story/rechazo-relacion-homosexual-dos-chicas-origino-tiroteo,3857497,39318782,65,23.0,BoosterFelix,2023-09-21T18:44:25+00:00,2,16,"#23 Para ellos no es un delito, es cultura (su cultura). Lo mismo que para nosotros torturar un toro por diversión es cultura, o hacer nacer a los hijos en la pobreza o la precariedad es cultura.

El delito solo surge en el encaje de esa cultura de ellos respecto al marco de la cultura mayor o englobadora en la que se hospedaron, es decir, el delito solo lo es para nosotros, no para ellos.

https://es.wikipedia.org/wiki/Persecuci%C3%B3n_de_la_etnia_gitana [[ ""... Sin embargo, el desencuentro con las comunidades receptoras era casi total al comenzar el siglo XVI. Para entonces ya habían sido expulsados o perseguidos en casi toda Europa"" ]]."
lgtbi,https://www.meneame.net/story/rechazo-relacion-homosexual-dos-chicas-origino-tiroteo,3857497,39318723,64,,JBM00,2023-09-21T18:36:58+00:00,1,13,Me ha recordado la película Camen y Lola
lgtbi,https://www.meneame.net/story/rechazo-relacion-homosexual-dos-chicas-origino-tiroteo,3857497,39318683,63,3.0,mariopg,2023-09-21T18:29:02+00:00,0,8,#3 entiendo que este infraser nunca más saldrá de la cárcel
lgtbi,https://www.meneame.net/story/rechazo-relacion-homosexual-dos-chicas-origino-tiroteo,3857497,39318677,62,3.0,silzul,2023-09-21T18:28:26+00:00,0,8,#3 Es un malnacido y que como no lo metan pronto en la cárcel... cómo herido en el ojo a un niño irlandés. Le va a aplicar la ley del clan.
lgtbi,https://www.meneame.net/story/rechazo-relacion-homosexual-dos-chicas-origino-tiroteo,3857497,39318673,61,16.0,cutty,2023-09-21T18:27:52+00:00,0,10,#16 los machistas.
lgtbi,https://www.meneame.net/story/rechazo-relacion-homosexual-dos-chicas-origino-tiroteo,3857497,39318672,60,16.0,EISev,2023-09-21T18:27:48+00:00,1,23,#16 ¿Con qué criterio eliges a una persona en concreto para preguntar?
lgtbi,https://www.meneame.net/story/rechazo-relacion-homosexual-dos-chicas-origino-tiroteo,3857497,39318580,59,2.0,Johny_Lanza,2023-09-21T18:15:11+00:00,1,12,#2 el santa justa klan
lgtbi,https://www.meneame.net/story/rechazo-relacion-homosexual-dos-chicas-origino-tiroteo,3857497,39318551,58,49.0,capitan__nemo,2023-09-21T18:11:09+00:00,1,21,"#49 ¿por esto?
El clan de los Gabarre de la Cañada Real de Madrid: de la alfombra roja a prisión 
https://www.meneame.net/story/clan-gabarre-canada-real-madrid-alfombra-roja-prision

¿Habran ido a por ellos porque han salido en el documental?"
lgtbi,https://www.meneame.net/story/rechazo-relacion-homosexual-dos-chicas-origino-tiroteo,3857497,39318541,57,,DenisseJoel,2023-09-21T18:09:28+00:00,0,11,"Esto no es un problema sistémico, claro que no."
lgtbi,https://www.meneame.net/story/rechazo-relacion-homosexual-dos-chicas-origino-tiroteo,3857497,39318518,56,2.0,deprecator_,2023-09-21T18:06:20+00:00,0,9,"#2 Clandemor, el pecador de la pradera..."
lgtbi,https://www.meneame.net/story/rechazo-relacion-homosexual-dos-chicas-origino-tiroteo,3857497,39318496,55,53.0,Mltfrtk,2023-09-21T18:03:54+00:00,4,-14,"#53 Efectivamente, el colectivo de babosos racistas es un gran problema. Por eso no hay que hacer caso a su mensaje de odio."
lgtbi,https://www.meneame.net/story/rechazo-relacion-homosexual-dos-chicas-origino-tiroteo,3857497,39318483,54,1.0,Capitan_Flynn,2023-09-21T18:01:26+00:00,0,6,"#1 Del club megatrix, ojo cuidado con esa gente."
lgtbi,https://www.meneame.net/story/rechazo-relacion-homosexual-dos-chicas-origino-tiroteo,3857497,39318480,53,35.0,Suigetsu,2023-09-21T18:01:08+00:00,1,19,#35 No hay nada como autocensurarse para no ver que hay un problema con ciertos colectivos de gente que se niegan a vivir integrados con la sociedad.
lgtbi,https://www.meneame.net/story/rechazo-relacion-homosexual-dos-chicas-origino-tiroteo,3857497,39318474,52,,mosfet,2023-09-21T18:00:22+00:00,4,49,Cuando se casen le harán la prueba del pañuelo o en estos casos no hace falta por no haber protagonista falico?
lgtbi,https://www.meneame.net/story/rechazo-relacion-homosexual-dos-chicas-origino-tiroteo,3857497,39318469,51,2.0,CrudaVerdad,2023-09-21T18:00:01+00:00,0,11,#2 Clash of clans
lgtbi,https://www.meneame.net/story/rechazo-relacion-homosexual-dos-chicas-origino-tiroteo,3857497,39318419,50,,DarthAcan,2023-09-21T17:54:55+00:00,2,30,#AllGingersAreBeautiful
lgtbi,https://www.meneame.net/story/rechazo-relacion-homosexual-dos-chicas-origino-tiroteo,3857497,39318399,49,5.0,turuleto,2023-09-21T17:51:08+00:00,0,13,"#5 No va a haber ni película, ni documental. Y sabes el por qué."
lgtbi,https://www.meneame.net/story/rechazo-relacion-homosexual-dos-chicas-origino-tiroteo,3857497,39318347,48,8.0,blacksmile,2023-09-21T17:45:51+00:00,0,10,"#8 La plaza del platanero, telita."
lgtbi,https://www.meneame.net/story/rechazo-relacion-homosexual-dos-chicas-origino-tiroteo,3857497,39318331,47,,SacaCuartos,2023-09-21T17:43:13+00:00,0,12,se te ve sanote
lgtbi,https://www.meneame.net/story/rechazo-relacion-homosexual-dos-chicas-origino-tiroteo,3857497,39318324,46,,victorjba,2023-09-21T17:42:34+00:00,7,79,"Esto eran una pareja de payas que se querían, sus familias encantadas de que fueran felices y tal..."
lgtbi,https://www.meneame.net/story/rechazo-relacion-homosexual-dos-chicas-origino-tiroteo,3857497,39318304,45,5.0,neiviMuubs,2023-09-21T17:40:30+00:00,0,8,"#5 veo que no he sido el único que se ha imaginado una potencial película de Almodóvar, se le añade mas histeria y pasiones y tenemos ahí guión casi hecho."
lgtbi,https://www.meneame.net/story/rechazo-relacion-homosexual-dos-chicas-origino-tiroteo,3857497,39318301,44,,capitan__nemo,2023-09-21T17:40:18+00:00,12,112,"Lo que pasa con el tratamiento de los gitanos en meneame y otros medios es una especie de efecto streisand. Se busca no promover el racismo y el estigma no mencionando la etnia en las noticias o strikeando usuarios, pero eso provoca un efecto streisand y lo prohibido se vuelve apetecible y se empiezan a usar sinonimos como clan, reyerta, seres de luz, etc y al final lo que se intentaba evitar se provoca."
lgtbi,https://www.meneame.net/story/rechazo-relacion-homosexual-dos-chicas-origino-tiroteo,3857497,39318298,43,1.0,elmike,2023-09-21T17:40:08+00:00,6,46,"#1 Yo digo que fue de los M-Clan, si hasta hicieron una canción!

La dulce niña Carolina,
no tiene edad para hacer el amor
su madre la estará pegando tiros,
eso es lo que creo yo"
lgtbi,https://www.meneame.net/story/rechazo-relacion-homosexual-dos-chicas-origino-tiroteo,3857497,39318281,42,,--668960--,2023-09-21T17:38:08+00:00,4,42,"Pero que malos sois... démosle 300 años más, que seguro se integran."
lgtbi,https://www.meneame.net/story/rechazo-relacion-homosexual-dos-chicas-origino-tiroteo,3857497,39318279,41,4.0,tusitala,2023-09-21T17:37:41+00:00,3,36,"#4 me ha recordado al chiste
- Doctor, usted cree que perderé los ojos?
- No creo, se los he metido en el bolsillo dentro de una cajita."
lgtbi,https://www.meneame.net/story/rechazo-relacion-homosexual-dos-chicas-origino-tiroteo,3857497,39318272,40,2.0,neiviMuubs,2023-09-21T17:36:54+00:00,2,21,#2 creo que te has equivocado en algunas palabras: es Cuscús Clan y aparte te has dejado los Santa Justa Clan
lgtbi,https://www.meneame.net/story/rechazo-relacion-homosexual-dos-chicas-origino-tiroteo,3857497,39318237,39,2.0,gelatti,2023-09-21T17:30:58+00:00,2,23,#2 Clash of Clans.
lgtbi,https://www.meneame.net/story/rechazo-relacion-homosexual-dos-chicas-origino-tiroteo,3857497,39318231,38,27.0,capitan__nemo,2023-09-21T17:29:42+00:00,1,14,"#27 los payos y los no payos, todos afectados por un monton de sesgos cognitivos.
https://ceciliacorespsicologa.es/50-sesgos-cognitivos/"
lgtbi,https://www.meneame.net/story/rechazo-relacion-homosexual-dos-chicas-origino-tiroteo,3857497,39318229,37,5.0,gelatti,2023-09-21T17:29:15+00:00,2,22,#5 o para canción de Mecano.
lgtbi,https://www.meneame.net/story/rechazo-relacion-homosexual-dos-chicas-origino-tiroteo,3857497,39318222,36,4.0,--748187--,2023-09-21T17:27:47+00:00,3,27,#4 bien visto
lgtbi,https://www.meneame.net/story/rechazo-relacion-homosexual-dos-chicas-origino-tiroteo,3857497,39318220,35,,Mltfrtk,2023-09-21T17:27:45+00:00,6,-40,"Mira que suaves están los racistas de Menéame hoy. Aunque se les ve el plumero, no he podido reportar a ninguno, andan con pies de plomo. Se ven obligados a aplicar la autocensura. Y yo que me alegro. Así me gusta {hug}"
lgtbi,https://www.meneame.net/story/rechazo-relacion-homosexual-dos-chicas-origino-tiroteo,3857497,39318203,34,,malajaita,2023-09-21T17:25:21+00:00,1,17,"Esta noticia lo tiene todo, para enmarcar."
lgtbi,https://www.meneame.net/story/rechazo-relacion-homosexual-dos-chicas-origino-tiroteo,3857497,39318199,33,4.0,--658418--,2023-09-21T17:24:42+00:00,7,71,#4 te gusta el riesgo eh <3 {0x1f602} {0x1f602}
lgtbi,https://www.meneame.net/story/rechazo-relacion-homosexual-dos-chicas-origino-tiroteo,3857497,39318185,32,20.0,--748187--,2023-09-21T17:22:37+00:00,6,62,#20 los del counter strike
lgtbi,https://www.meneame.net/story/rechazo-relacion-homosexual-dos-chicas-origino-tiroteo,3857497,39318181,31,,sieteymedio,2023-09-21T17:22:18+00:00,1,21,Tiroteo Clan
lgtbi,https://www.meneame.net/story/rechazo-relacion-homosexual-dos-chicas-origino-tiroteo,3857497,39318170,30,2.0,--748187--,2023-09-21T17:20:25+00:00,2,18,#2 Clandemor de la pradera…
lgtbi,https://www.meneame.net/story/rechazo-relacion-homosexual-dos-chicas-origino-tiroteo,3857497,39318164,29,2.0,Cantro,2023-09-21T17:19:49+00:00,4,39,#2 este nivel de mala hostia solo lo pueden provocar los de Santa justa Klan
lgtbi,https://www.meneame.net/story/rechazo-relacion-homosexual-dos-chicas-origino-tiroteo,3857497,39318156,28,2.0,Dramaba,2023-09-21T17:18:59+00:00,2,17,#2 Wu-Tang Clan...
lgtbi,https://www.meneame.net/story/rechazo-relacion-homosexual-dos-chicas-origino-tiroteo,3857497,39318155,27,13.0,--760924--,2023-09-21T17:18:57+00:00,0,6,#13 Por que los payos semos muuu racistas!
lgtbi,https://www.meneame.net/story/rechazo-relacion-homosexual-dos-chicas-origino-tiroteo,3857497,39318154,26,2.0,Dargp,2023-09-21T17:18:51+00:00,2,15,"#2 El clan de los Mcgregor, M-Clan..."
lgtbi,https://www.meneame.net/story/rechazo-relacion-homosexual-dos-chicas-origino-tiroteo,3857497,39318151,25,21.0,capitan__nemo,2023-09-21T17:18:32+00:00,6,70,"#21 para eso hay que bajar el numero de hombres reclusos. Para eso la ley de solo si es si que libera algunos violadores antes de tiempo.
Y aumentar el numero de mujeres reclusas. Por ejemplo ilegalizando la prostitucion y metiendo en la carcel a las mujeres que se salten esa ley.
{troll}"
lgtbi,https://www.meneame.net/story/rechazo-relacion-homosexual-dos-chicas-origino-tiroteo,3857497,39318134,24,2.0,--759667--,2023-09-21T17:16:15+00:00,0,8,#2 Clam*
lgtbi,https://www.meneame.net/story/rechazo-relacion-homosexual-dos-chicas-origino-tiroteo,3857497,39318126,23,18.0,xavigo,2023-09-21T17:14:51+00:00,6,54,#18 Som la gent pèl-roja
lgtbi,https://www.meneame.net/story/rechazo-relacion-homosexual-dos-chicas-origino-tiroteo,3857497,39318116,22,1.0,Malvidious,2023-09-21T17:13:29+00:00,2,35,#1 Resuelvo.
lgtbi,https://www.meneame.net/story/rechazo-relacion-homosexual-dos-chicas-origino-tiroteo,3857497,39318094,21,13.0,rafael90,2023-09-21T17:09:54+00:00,12,97,"#13 ""en España hay 4.322 mujeres en la cárcel, lo que representa un 7,4% de la población reclusa"" La verdadera igualdad llegará cuando el 50% de los reclusos sean mujeres {troll}"
lgtbi,https://www.meneame.net/story/rechazo-relacion-homosexual-dos-chicas-origino-tiroteo,3857497,39318060,20,,ku21,2023-09-21T17:05:59+00:00,4,48,"En mi clan de Clash Royale no pasan estas cosas. ¿Qué clase de clan es ese que además de ser intolerante ante la homosexualidad, resuelve sus problemas a tiros? {0x1f628} {0x1f62e} {0x1f31f}"
lgtbi,https://www.meneame.net/story/rechazo-relacion-homosexual-dos-chicas-origino-tiroteo,3857497,39318045,19,5.0,BM75,2023-09-21T17:03:51+00:00,2,28,#5 Puerto Hurraco* {smiley}
lgtbi,https://www.meneame.net/story/rechazo-relacion-homosexual-dos-chicas-origino-tiroteo,3857497,39318043,18,2.0,radon2,2023-09-21T17:03:34+00:00,3,39,#2 Tot el camp és un claM.
lgtbi,https://www.meneame.net/story/rechazo-relacion-homosexual-dos-chicas-origino-tiroteo,3857497,39318037,17,,bizcobollo,2023-09-21T17:02:47+00:00,10,92,Son culturas que nos enriquecen
lgtbi,https://www.meneame.net/story/rechazo-relacion-homosexual-dos-chicas-origino-tiroteo,3857497,39318031,16,7.0,sonix,2023-09-21T17:01:15+00:00,1,16,#7 quien son esos que hablas?
lgtbi,https://www.meneame.net/story/rechazo-relacion-homosexual-dos-chicas-origino-tiroteo,3857497,39317829,15,,mr._cortimer,2023-09-21T16:36:30+00:00,4,47,"da igual los muertos o heridos que haya, lo importante es que la niña saque tres rosas"
lgtbi,https://www.meneame.net/story/rechazo-relacion-homosexual-dos-chicas-origino-tiroteo,3857497,39317714,14,,Suigetsu,2023-09-21T16:21:20+00:00,6,70,"Aquí va a pasar la segadora de baneos por meterse con las minorías ""vulnerables""."
lgtbi,https://www.meneame.net/story/rechazo-relacion-homosexual-dos-chicas-origino-tiroteo,3857497,39317699,13,9.0,capitan__nemo,2023-09-21T16:18:29+00:00,4,39,"#9 España tiene el récord de mujeres encarceladas en Europa occidental 
https://www.vozpopuli.com/espana/espana-record-mujeres-carcel-prision-europa_0_1336367729.html
""etnia gitana. En 2005 constituían el 25% de la población penitenciaria"""
lgtbi,https://www.meneame.net/story/rechazo-relacion-homosexual-dos-chicas-origino-tiroteo,3857497,39317627,12,,g3_g3,2023-09-21T16:07:28+00:00,4,52,Son sus costumbres y tradiciones.
lgtbi,https://www.meneame.net/story/rechazo-relacion-homosexual-dos-chicas-origino-tiroteo,3857497,39317615,11,5.0,--673917--,2023-09-21T16:06:00+00:00,5,51,#5 Hurraco.
lgtbi,https://www.meneame.net/story/rechazo-relacion-homosexual-dos-chicas-origino-tiroteo,3857497,39317608,10,,Borgiano,2023-09-21T16:05:32+00:00,1,19,Muy lorquiano todo
lgtbi,https://www.meneame.net/story/rechazo-relacion-homosexual-dos-chicas-origino-tiroteo,3857497,39317535,9,,makinavaja,2023-09-21T15:54:19+00:00,32,250,La tradicional tolerancia de los clanes con las mujeres... espero pronto declaraciones de la ministra de igualdad...   {troll}
lgtbi,https://www.meneame.net/story/rechazo-relacion-homosexual-dos-chicas-origino-tiroteo,3857497,39317464,8,,Alakrán_,2023-09-21T15:44:11+00:00,8,65,"Conozco la zona, compraba mis cosas en la calle de al lado, y el sitio es muy chungo."
lgtbi,https://www.meneame.net/story/rechazo-relacion-homosexual-dos-chicas-origino-tiroteo,3857497,39317452,7,3.0,Rorschach_,2023-09-21T15:42:41+00:00,4,45,"#3 A ver que dicen a eso los amiguitos en Mnm de estos... seres.

#0 Te falta en las etiquetas #Clan, lo de #tiroteo no queda completo."
lgtbi,https://www.meneame.net/story/rechazo-relacion-homosexual-dos-chicas-origino-tiroteo,3857497,39317435,6,,Cometeunzullo,2023-09-21T15:40:37+00:00,0,10,Asco de gente.
lgtbi,https://www.meneame.net/story/rechazo-relacion-homosexual-dos-chicas-origino-tiroteo,3857497,39317429,5,,capitan__nemo,2023-09-21T15:40:12+00:00,12,103,"Puerto urraco lesbico sin muertos, gitano brasileño (de adopcion) cazador (si no por que y para que tenia la escopeta), historia tipo julieta y julieta.
Hiistoria con potencial para pelicula o documental."
lgtbi,https://www.meneame.net/story/rechazo-relacion-homosexual-dos-chicas-origino-tiroteo,3857497,39317409,4,3.0,Nylo,2023-09-21T15:36:56+00:00,46,284,"#3 Ostis, qué putada, espero que se lo encuentren. Es de esas cosas que hay que tenerlas siempre en cuenca."
lgtbi,https://www.meneame.net/story/rechazo-relacion-homosexual-dos-chicas-origino-tiroteo,3857497,39317395,3,,Enésimo_strike,2023-09-21T15:34:45+00:00,49,350,"Sin embargo, el incidente continuó. Poco después de estos primeros tiros, el presunto autor de los hechos comenzó a disparar a diestro y siniestro, alcanzando a varias personas que nada tenían que ver con la cuestión y simplemente se encontraban allí Entre los heridos hay menores y uno ha perdido un ojo. 

Me reservo mi opinión personal."
lgtbi,https://www.meneame.net/story/rechazo-relacion-homosexual-dos-chicas-origino-tiroteo,3857497,39317375,2,1.0,--84408--,2023-09-21T15:31:06+00:00,32,234,"#1 Malpensado, puede ser el Ku Klux Klan, el Clan de RTVE, tot el camp, es un clan..."
lgtbi,https://www.meneame.net/story/rechazo-relacion-homosexual-dos-chicas-origino-tiroteo,3857497,39317349,1,,Nylo,2023-09-21T15:27:29+00:00,42,279,uno de los miembros del clan No ha hecho falta ninguna inicial esta vez
